{
    "logs": [
        {
            "outputFile": "C:\\Users\\MEENU\\AndroidStudioProjects\\KochiMyMetro\\app\\build\\intermediates\\incremental\\mergeDebugResources\\merged.dir\\values-fa\\values-fa.xml",
            "map": [
                {
                    "source": "C:\\Users\\MEENU\\.gradle\\caches\\transforms-1\\files-1.1\\appcompat-v7-28.0.0.aar\\55bcef4b7d03289c5b49ea657cddbe4b\\res\\values-fa\\values-fa.xml",
                    "from": {
                        "startLines": "2,3,4,5,6,7,8,9,10,11,12,13,14,15,16,17,18,19,20,21,22,23,24,25,26,27,28,29",
                        "startColumns": "4,4,4,4,4,4,4,4,4,4,4,4,4,4,4,4,4,4,4,4,4,4,4,4,4,4,4,4",
                        "startOffsets": "105,215,318,429,513,616,731,810,888,981,1076,1172,1266,1369,1464,1561,1660,1753,1843,1924,2036,2139,2237,2347,2451,2560,2721,2822",
                        "endColumns": "109,102,110,83,102,114,78,77,92,94,95,93,102,94,96,98,92,89,80,111,102,97,109,103,108,160,100,80",
                        "endOffsets": "210,313,424,508,611,726,805,883,976,1071,1167,1261,1364,1459,1556,1655,1748,1838,1919,2031,2134,2232,2342,2446,2555,2716,2817,2898"
                    }
                },
                {
                    "source": "C:\\Users\\MEENU\\.gradle\\caches\\transforms-1\\files-1.1\\support-compat-28.0.0.aar\\97d208ecd0b50defcc09a811e43fb4f5\\res\\values-fa\\values-fa.xml",
                    "from": {
                        "startLines": "2",
                        "startColumns": "4",
                        "startOffsets": "55",
                        "endColumns": "100",
                        "endOffsets": "151"
                    },
                    "to": {
                        "startLines": "30",
                        "startColumns": "4",
                        "startOffsets": "2903",
                        "endColumns": "100",
                        "endOffsets": "2999"
                    }
                }
            ]
        }
    ]
}