{
    "logs": [
        {
            "outputFile": "C:\\Users\\MEENU\\AndroidStudioProjects\\KochiMyMetro\\app\\build\\intermediates\\incremental\\mergeDebugResources\\merged.dir\\values-v25\\values-v25.xml",
            "map": [
                {
                    "source": "C:\\Users\\MEENU\\.gradle\\caches\\transforms-1\\files-1.1\\appcompat-v7-28.0.0.aar\\55bcef4b7d03289c5b49ea657cddbe4b\\res\\values-v25\\values-v25.xml",
                    "from": {
                        "startLines": "2,3,4,6",
                        "startColumns": "4,4,4,4",
                        "startOffsets": "55,126,209,308",
                        "endLines": "2,3,5,7",
                        "endColumns": "70,82,12,12",
                        "endOffsets": "121,204,303,414"
                    }
                }
            ]
        }
    ]
}