{
    "logs": [
        {
            "outputFile": "C:\\Users\\MEENU\\AndroidStudioProjects\\KochiMyMetro\\app\\build\\intermediates\\incremental\\mergeDebugResources\\merged.dir\\values\\values.xml",
            "map": [
                {
                    "source": "C:\\Users\\MEENU\\.gradle\\caches\\transforms-1\\files-1.1\\constraint-layout-1.1.3.aar\\7f2d4e76c5f6276602df286213cb02c6\\res\\values\\values.xml",
                    "from": {
                        "startLines": "-1,-1,-1,-1,-1,-1,-1,-1,-1,-1,-1,-1,-1,-1,-1,-1,-1,-1,-1,-1,-1,-1,-1,-1,-1,-1,-1,-1,-1,-1,-1,-1,-1,-1,-1,-1,-1,-1,-1,-1,-1,-1,-1,-1,-1,-1,-1,-1,-1,-1,-1,-1,-1,-1,-1,-1,-1",
                        "startColumns": "-1,-1,-1,-1,-1,-1,-1,-1,-1,-1,-1,-1,-1,-1,-1,-1,-1,-1,-1,-1,-1,-1,-1,-1,-1,-1,-1,-1,-1,-1,-1,-1,-1,-1,-1,-1,-1,-1,-1,-1,-1,-1,-1,-1,-1,-1,-1,-1,-1,-1,-1,-1,-1,-1,-1,-1,-1",
                        "startOffsets": "-1,-1,-1,-1,-1,-1,-1,-1,-1,-1,-1,-1,-1,-1,-1,-1,-1,-1,-1,-1,-1,-1,-1,-1,-1,-1,-1,-1,-1,-1,-1,-1,-1,-1,-1,-1,-1,-1,-1,-1,-1,-1,-1,-1,-1,-1,-1,-1,-1,-1,-1,-1,-1,-1,-1,-1,-1"
                    },
                    "to": {
                        "startLines": "2,3,16,21,22,23,26,34,35,36,37,40,41,44,47,48,49,50,51,54,57,58,59,60,65,68,71,72,73,78,79,80,83,86,87,90,93,96,99,100,103,106,107,112,113,118,121,124,125,126,127,128,129,130,131,132,133",
                        "startColumns": "4,4,4,4,4,4,4,4,4,4,4,4,4,4,4,4,4,4,4,4,4,4,4,4,4,4,4,4,4,4,4,4,4,4,4,4,4,4,4,4,4,4,4,4,4,4,4,4,4,4,4,4,4,4,4,4,4",
                        "startOffsets": "150,211,786,1042,1094,1155,1317,1636,1697,1757,1827,1960,2028,2157,2283,2345,2410,2478,2545,2668,2793,2860,2925,2990,3171,3292,3413,3479,3546,3756,3825,3891,4016,4142,4209,4335,4462,4587,4714,4779,4905,5028,5093,5301,5368,5548,5668,5788,5853,5915,5977,6039,6098,6158,6219,6280,6339",
                        "endLines": "2,10,16,21,22,23,29,34,35,36,39,40,43,46,47,48,49,50,53,56,57,58,59,64,67,70,71,72,77,78,79,82,85,86,89,92,95,98,99,102,105,106,111,112,117,120,123,124,125,126,127,128,129,130,131,132,141",
                        "endColumns": "60,11,47,51,60,45,11,60,59,69,11,67,11,11,61,64,67,66,11,11,66,64,64,11,11,11,65,66,11,68,65,11,11,66,11,11,11,11,64,11,11,64,11,66,11,11,11,64,61,61,61,58,59,60,60,58,11",
                        "endOffsets": "206,497,829,1089,1150,1196,1439,1692,1752,1822,1955,2023,2152,2278,2340,2405,2473,2540,2663,2788,2855,2920,2985,3166,3287,3408,3474,3541,3751,3820,3886,4011,4137,4204,4330,4457,4582,4709,4774,4900,5023,5088,5296,5363,5543,5663,5783,5848,5910,5972,6034,6093,6153,6214,6275,6334,6676"
                    }
                },
                {
                    "source": "C:\\Users\\MEENU\\.gradle\\caches\\transforms-1\\files-1.1\\cardview-v7-28.0.0.aar\\4a646c0ce3f971bc5b06059297fbb62d\\res\\values\\values.xml",
                    "from": {
                        "startLines": "-1,-1,-1,-1,-1,-1,-1,-1,-1,-1,-1,-1",
                        "startColumns": "-1,-1,-1,-1,-1,-1,-1,-1,-1,-1,-1,-1",
                        "startOffsets": "-1,-1,-1,-1,-1,-1,-1,-1,-1,-1,-1,-1"
                    },
                    "to": {
                        "startLines": "15,188,189,190,191,334,335,336,665,2057,2059,2062",
                        "startColumns": "4,4,4,4,4,4,4,4,4,4,4,4",
                        "startOffsets": "734,9691,9752,9814,9876,19454,19513,19570,41077,130000,130064,130190",
                        "endLines": "15,188,189,190,191,334,335,336,671,2058,2061,2064",
                        "endColumns": "51,60,61,61,63,58,56,53,12,12,12,12",
                        "endOffsets": "781,9747,9809,9871,9935,19508,19565,19619,41486,130059,130185,130313"
                    }
                },
                {
                    "source": "C:\\Users\\MEENU\\AndroidStudioProjects\\KochiMyMetro\\app\\src\\main\\res\\values\\colors.xml",
                    "from": {
                        "startLines": "4,-1,-1",
                        "startColumns": "4,-1,-1",
                        "startOffsets": "157,-1,-1",
                        "endColumns": "45,-1,-1",
                        "endOffsets": "198,-1,-1"
                    },
                    "to": {
                        "startLines": "192,193,194",
                        "startColumns": "4,4,4",
                        "startOffsets": "9940,9986,10033",
                        "endColumns": "45,46,50",
                        "endOffsets": "9981,10028,10079"
                    }
                },
                {
                    "source": "C:\\Users\\MEENU\\.gradle\\caches\\transforms-1\\files-1.1\\transition-28.0.0.aar\\7d07bb6b058ec225733615cb204ed801\\res\\values\\values.xml",
                    "from": {
                        "startLines": "-1,-1,-1,-1,-1,-1,-1,-1,-1,-1",
                        "startColumns": "-1,-1,-1,-1,-1,-1,-1,-1,-1,-1",
                        "startOffsets": "-1,-1,-1,-1,-1,-1,-1,-1,-1,-1"
                    },
                    "to": {
                        "startLines": "482,489,492,493,494,507,508,509,510,511",
                        "startColumns": "4,4,4,4,4,4,4,4,4,4",
                        "startOffsets": "28805,29135,29274,29321,29376,29970,30024,30076,30125,30186",
                        "endColumns": "39,42,46,54,44,53,51,48,60,49",
                        "endOffsets": "28840,29173,29316,29371,29416,30019,30071,30120,30181,30231"
                    }
                },
                {
                    "source": "C:\\Users\\MEENU\\AndroidStudioProjects\\KochiMyMetro\\app\\src\\main\\res\\values\\strings.xml",
                    "from": {
                        "startLines": "-1,-1,-1,-1,-1,-1,-1,-1,-1,-1",
                        "startColumns": "-1,-1,-1,-1,-1,-1,-1,-1,-1,-1",
                        "startOffsets": "-1,-1,-1,-1,-1,-1,-1,-1,-1,-1"
                    },
                    "to": {
                        "startLines": "568,569,577,616,617,618,619,620,621,622",
                        "startColumns": "4,4,4,4,4,4,4,4,4,4",
                        "startOffsets": "34009,34062,35021,37823,37889,37952,38025,38098,38169,38236",
                        "endLines": "568,569,607,616,617,618,619,620,621,622",
                        "endColumns": "52,49,13,65,62,72,72,70,66,66",
                        "endOffsets": "34057,34107,36811,37884,37947,38020,38093,38164,38231,38298"
                    }
                },
                {
                    "source": "C:\\Users\\MEENU\\.gradle\\caches\\transforms-1\\files-1.1\\support-compat-28.0.0.aar\\97d208ecd0b50defcc09a811e43fb4f5\\res\\values\\values.xml",
                    "from": {
                        "startLines": "-1,-1,-1,-1,-1,-1,-1,-1,-1,-1,-1,-1,-1,-1,-1,-1,-1,-1,-1,-1,-1,-1,-1,-1,-1,-1,-1,-1,-1,-1,-1,-1,-1,-1,-1,-1,-1,-1,-1,-1,-1,-1,-1",
                        "startColumns": "-1,-1,-1,-1,-1,-1,-1,-1,-1,-1,-1,-1,-1,-1,-1,-1,-1,-1,-1,-1,-1,-1,-1,-1,-1,-1,-1,-1,-1,-1,-1,-1,-1,-1,-1,-1,-1,-1,-1,-1,-1,-1,-1",
                        "startOffsets": "-1,-1,-1,-1,-1,-1,-1,-1,-1,-1,-1,-1,-1,-1,-1,-1,-1,-1,-1,-1,-1,-1,-1,-1,-1,-1,-1,-1,-1,-1,-1,-1,-1,-1,-1,-1,-1,-1,-1,-1,-1,-1,-1"
                    },
                    "to": {
                        "startLines": "236,237,337,338,339,340,341,342,343,452,453,454,455,456,457,458,459,460,461,462,463,464,465,466,476,477,485,486,498,499,500,501,502,506,528,615,2318,2319,2323,2324,2328,2690,2691",
                        "startColumns": "4,4,4,4,4,4,4,4,4,4,4,4,4,4,4,4,4,4,4,4,4,4,4,4,4,4,4,4,4,4,4,4,4,4,4,4,4,4,4,4,4,4,4",
                        "startOffsets": "12752,12821,19624,19694,19762,19834,19904,19965,20039,26978,27039,27100,27162,27226,27288,27349,27417,27517,27577,27643,27716,27785,27842,27894,28452,28524,28945,28980,29555,29605,29666,29723,29757,29935,31181,37752,149653,149770,149971,150081,150282,174505,174577",
                        "endLines": "236,237,337,338,339,340,341,342,343,452,453,454,455,456,457,458,459,460,461,462,463,464,465,466,476,477,485,486,498,499,500,501,502,506,528,615,2318,2322,2323,2327,2328,2690,2691",
                        "endColumns": "68,62,69,67,71,69,60,73,72,60,60,61,63,61,60,67,99,59,65,72,68,56,51,61,71,75,34,34,49,60,56,33,34,34,69,70,116,12,109,12,128,71,66",
                        "endOffsets": "12816,12879,19689,19757,19829,19899,19960,20034,20107,27034,27095,27157,27221,27283,27344,27412,27512,27572,27638,27711,27780,27837,27889,27951,28519,28595,28975,29010,29600,29661,29718,29752,29787,29965,31246,37818,149765,149966,150076,150277,150406,174572,174639"
                    }
                },
                {
                    "source": "C:\\Users\\MEENU\\AndroidStudioProjects\\KochiMyMetro\\app\\src\\main\\res\\values\\dimens.xml",
                    "from": {
                        "startLines": "-1,-1,-1",
                        "startColumns": "-1,-1,-1",
                        "startOffsets": "-1,-1,-1"
                    },
                    "to": {
                        "startLines": "333,390,467",
                        "startColumns": "4,4,4",
                        "startOffsets": "19407,23089,27956",
                        "endColumns": "46,41,42",
                        "endOffsets": "19449,23126,27994"
                    }
                },
                {
                    "source": "C:\\Users\\MEENU\\.gradle\\caches\\transforms-1\\files-1.1\\recyclerview-v7-28.0.0.aar\\403f1d993f85347e3d3ba09b7e9ea9c8\\res\\values\\values.xml",
                    "from": {
                        "startLines": "-1,-1,-1,-1,-1,-1,-1",
                        "startColumns": "-1,-1,-1,-1,-1,-1,-1",
                        "startOffsets": "-1,-1,-1,-1,-1,-1,-1"
                    },
                    "to": {
                        "startLines": "391,392,393,401,402,403,484",
                        "startColumns": "4,4,4,4,4,4,4",
                        "startOffsets": "23131,23190,23238,23905,23980,24056,28879",
                        "endColumns": "58,47,55,74,75,71,65",
                        "endOffsets": "23185,23233,23289,23975,24051,24123,28940"
                    }
                },
                {
                    "source": "C:\\Users\\MEENU\\.gradle\\caches\\transforms-1\\files-1.1\\coordinatorlayout-28.0.0.aar\\d0b802a100e3d71180654d9f50515b49\\res\\values\\values.xml",
                    "from": {
                        "startLines": "-1,-1",
                        "startColumns": "-1,-1",
                        "startOffsets": "-1,-1"
                    },
                    "to": {
                        "startLines": "24,2965",
                        "startColumns": "4,4",
                        "startOffsets": "1201,191081",
                        "endLines": "24,2967",
                        "endColumns": "60,12",
                        "endOffsets": "1257,191221"
                    }
                },
                {
                    "source": "C:\\Users\\MEENU\\.gradle\\caches\\transforms-1\\files-1.1\\design-28.0.0.aar\\bb9afad27e8310cf850b9c815b14ec8c\\res\\values\\values.xml",
                    "from": {
                        "startLines": "-1,-1,-1,-1,-1,-1,-1,-1,-1,-1,-1,-1,-1,-1,-1,-1,-1,-1,-1,-1,-1,-1,-1,-1,-1,-1,-1,-1,-1,-1,-1,-1,-1,-1,-1,-1,-1,-1,-1,-1,-1,-1,-1,-1,-1,-1,-1,-1,-1,-1,-1,-1,-1,-1,-1,-1,-1,-1,-1,-1,-1,-1,-1,-1,-1,-1,-1,-1,-1,-1,-1,-1,-1,-1,-1,-1,-1,-1,-1,-1,-1,-1,-1,-1,-1,-1,-1,-1,-1,-1,-1,-1,-1,-1,-1,-1,-1,-1,-1,-1,-1,-1,-1,-1,-1,-1,-1,-1,-1,-1,-1,-1,-1,-1,-1,-1,-1,-1,-1,-1,-1,-1,-1,-1,-1,-1,-1,-1,-1,-1,-1,-1,-1,-1,-1,-1,-1,-1,-1,-1,-1,-1,-1,-1,-1,-1,-1,-1,-1,-1,-1,-1,-1,-1,-1,-1,-1,-1,-1,-1,-1,-1,-1,-1,-1,-1,-1,-1,-1,-1,-1,-1,-1,-1,-1,-1,-1,-1,-1,-1,-1,-1,-1,-1,-1,-1,-1,-1,-1,-1,-1,-1,-1,-1,-1,-1,-1,-1,-1,-1,-1,-1,-1,-1,-1,-1,-1,-1,-1,-1,-1,-1,-1,-1,-1,-1,-1,-1,-1,-1,-1,-1,-1,-1,-1,-1,-1,-1,-1,-1,-1,-1,-1,-1,-1,-1,-1,-1,-1,-1,-1,-1,-1,-1,-1,-1,-1,-1,-1,-1,-1,-1,-1,-1,-1,-1,-1,-1,-1,-1,-1,-1,-1,-1,-1,-1,-1,-1,-1,-1,-1,-1,-1,-1,-1,-1,-1,-1,-1,-1,-1,-1,-1,-1,-1,-1,-1,-1,-1,-1,-1,-1,-1,-1,-1,-1,-1,-1,-1,-1,-1,-1,-1,-1,-1,-1,-1,-1,-1,-1,-1,-1,-1,-1,-1,-1,-1,-1,-1,-1,-1",
                        "startColumns": "-1,-1,-1,-1,-1,-1,-1,-1,-1,-1,-1,-1,-1,-1,-1,-1,-1,-1,-1,-1,-1,-1,-1,-1,-1,-1,-1,-1,-1,-1,-1,-1,-1,-1,-1,-1,-1,-1,-1,-1,-1,-1,-1,-1,-1,-1,-1,-1,-1,-1,-1,-1,-1,-1,-1,-1,-1,-1,-1,-1,-1,-1,-1,-1,-1,-1,-1,-1,-1,-1,-1,-1,-1,-1,-1,-1,-1,-1,-1,-1,-1,-1,-1,-1,-1,-1,-1,-1,-1,-1,-1,-1,-1,-1,-1,-1,-1,-1,-1,-1,-1,-1,-1,-1,-1,-1,-1,-1,-1,-1,-1,-1,-1,-1,-1,-1,-1,-1,-1,-1,-1,-1,-1,-1,-1,-1,-1,-1,-1,-1,-1,-1,-1,-1,-1,-1,-1,-1,-1,-1,-1,-1,-1,-1,-1,-1,-1,-1,-1,-1,-1,-1,-1,-1,-1,-1,-1,-1,-1,-1,-1,-1,-1,-1,-1,-1,-1,-1,-1,-1,-1,-1,-1,-1,-1,-1,-1,-1,-1,-1,-1,-1,-1,-1,-1,-1,-1,-1,-1,-1,-1,-1,-1,-1,-1,-1,-1,-1,-1,-1,-1,-1,-1,-1,-1,-1,-1,-1,-1,-1,-1,-1,-1,-1,-1,-1,-1,-1,-1,-1,-1,-1,-1,-1,-1,-1,-1,-1,-1,-1,-1,-1,-1,-1,-1,-1,-1,-1,-1,-1,-1,-1,-1,-1,-1,-1,-1,-1,-1,-1,-1,-1,-1,-1,-1,-1,-1,-1,-1,-1,-1,-1,-1,-1,-1,-1,-1,-1,-1,-1,-1,-1,-1,-1,-1,-1,-1,-1,-1,-1,-1,-1,-1,-1,-1,-1,-1,-1,-1,-1,-1,-1,-1,-1,-1,-1,-1,-1,-1,-1,-1,-1,-1,-1,-1,-1,-1,-1,-1,-1,-1,-1,-1,-1,-1,-1,-1,-1,-1,-1,-1",
                        "startOffsets": "-1,-1,-1,-1,-1,-1,-1,-1,-1,-1,-1,-1,-1,-1,-1,-1,-1,-1,-1,-1,-1,-1,-1,-1,-1,-1,-1,-1,-1,-1,-1,-1,-1,-1,-1,-1,-1,-1,-1,-1,-1,-1,-1,-1,-1,-1,-1,-1,-1,-1,-1,-1,-1,-1,-1,-1,-1,-1,-1,-1,-1,-1,-1,-1,-1,-1,-1,-1,-1,-1,-1,-1,-1,-1,-1,-1,-1,-1,-1,-1,-1,-1,-1,-1,-1,-1,-1,-1,-1,-1,-1,-1,-1,-1,-1,-1,-1,-1,-1,-1,-1,-1,-1,-1,-1,-1,-1,-1,-1,-1,-1,-1,-1,-1,-1,-1,-1,-1,-1,-1,-1,-1,-1,-1,-1,-1,-1,-1,-1,-1,-1,-1,-1,-1,-1,-1,-1,-1,-1,-1,-1,-1,-1,-1,-1,-1,-1,-1,-1,-1,-1,-1,-1,-1,-1,-1,-1,-1,-1,-1,-1,-1,-1,-1,-1,-1,-1,-1,-1,-1,-1,-1,-1,-1,-1,-1,-1,-1,-1,-1,-1,-1,-1,-1,-1,-1,-1,-1,-1,-1,-1,-1,-1,-1,-1,-1,-1,-1,-1,-1,-1,-1,-1,-1,-1,-1,-1,-1,-1,-1,-1,-1,-1,-1,-1,-1,-1,-1,-1,-1,-1,-1,-1,-1,-1,-1,-1,-1,-1,-1,-1,-1,-1,-1,-1,-1,-1,-1,-1,-1,-1,-1,-1,-1,-1,-1,-1,-1,-1,-1,-1,-1,-1,-1,-1,-1,-1,-1,-1,-1,-1,-1,-1,-1,-1,-1,-1,-1,-1,-1,-1,-1,-1,-1,-1,-1,-1,-1,-1,-1,-1,-1,-1,-1,-1,-1,-1,-1,-1,-1,-1,-1,-1,-1,-1,-1,-1,-1,-1,-1,-1,-1,-1,-1,-1,-1,-1,-1,-1,-1,-1,-1,-1,-1,-1,-1,-1,-1,-1,-1,-1"
                    },
                    "to": {
                        "startLines": "11,12,13,14,17,18,19,20,30,32,142,143,144,145,146,147,148,149,150,151,152,153,154,155,156,157,158,159,160,161,162,163,164,169,195,196,197,198,199,200,201,202,203,204,205,228,229,230,231,232,233,234,235,344,345,346,347,348,349,350,351,352,353,354,355,356,357,358,359,360,361,362,363,364,365,366,367,368,369,370,371,372,373,374,375,376,377,378,379,380,381,382,383,384,385,386,387,404,405,406,407,408,409,410,411,412,413,414,415,416,417,418,419,420,421,422,423,424,425,426,427,428,429,430,431,432,433,434,435,436,437,438,439,440,441,442,443,444,445,446,447,448,449,450,451,487,488,495,496,503,504,505,513,516,517,520,521,522,523,524,525,526,527,570,571,572,573,574,575,576,608,609,610,611,612,613,628,904,905,906,911,912,916,922,926,927,928,929,940,941,942,946,952,956,1026,1027,1028,1058,1078,1124,1154,1174,1194,1240,1244,1984,1998,2039,2047,2182,2183,2184,2185,2329,2332,2333,2336,2339,2340,2343,2347,2352,2360,2368,2377,2385,2389,2397,2405,2413,2421,2429,2438,2447,2455,2464,2502,2504,2509,2511,2516,2520,2524,2525,2530,2531,2532,2533,2534,2535,2537,2538,2543,2544,2545,2546,2547,2548,2549,2551,2555,2559,2563,2574,2575,2576,2577,2578,2579,2580,2581,2582,2585,2589,2592,2692,2700,2707,2716,2720,2735,2743,2746,2755,2760,2771,2779,2782,2791,2798,2799,2818,2821,2827,2830,2839,2842,2845,2848,2851,2854,2858,2861,2870,2873,2881,2886,2894,2899,2903,2904,2915,2922,2926,2930,2931,2935,2943,2947,2952,2957",
                        "startColumns": "4,4,4,4,4,4,4,4,4,4,4,4,4,4,4,4,4,4,4,4,4,4,4,4,4,4,4,4,4,4,4,4,4,4,4,4,4,4,4,4,4,4,4,4,4,4,4,4,4,4,4,4,4,4,4,4,4,4,4,4,4,4,4,4,4,4,4,4,4,4,4,4,4,4,4,4,4,4,4,4,4,4,4,4,4,4,4,4,4,4,4,4,4,4,4,4,4,4,4,4,4,4,4,4,4,4,4,4,4,4,4,4,4,4,4,4,4,4,4,4,4,4,4,4,4,4,4,4,4,4,4,4,4,4,4,4,4,4,4,4,4,4,4,4,4,4,4,4,4,4,4,4,4,4,4,4,4,4,4,4,4,4,4,4,4,4,4,4,4,4,4,4,4,4,4,4,4,4,4,4,4,4,4,4,4,4,4,4,4,4,4,4,4,4,4,4,4,4,4,4,4,4,4,4,4,4,4,4,4,4,4,4,4,4,4,4,4,4,4,4,4,4,4,4,4,4,4,4,4,4,4,4,4,4,4,4,4,4,4,4,4,4,4,4,4,4,4,4,4,4,4,4,4,4,4,4,4,4,4,4,4,4,4,4,4,4,4,4,4,4,4,4,4,4,4,4,4,4,4,4,4,4,4,4,4,4,4,4,4,4,4,4,4,4,4,4,4,4,4,4,4,4,4,4,4,4,4,4,4,4,4,4,4,4,4,4,4,4,4,4,4",
                        "startOffsets": "502,558,618,679,834,887,945,993,1444,1534,6681,6739,6799,6857,6903,6963,7016,7062,7112,7159,7217,7275,7334,7394,7456,7518,7580,7642,7704,7766,7827,7889,7951,8221,10084,10158,10221,10289,10370,10434,10500,10570,10640,10710,10780,12200,12263,12328,12394,12447,12523,12589,12676,20112,20166,20245,20323,20396,20461,20524,20590,20661,20732,20794,20863,20929,20996,21063,21119,21170,21223,21275,21329,21400,21463,21522,21584,21643,21716,21783,21843,21906,21981,22053,22124,22180,22251,22308,22365,22431,22495,22566,22623,22676,22739,22791,22849,24128,24194,24260,24341,24416,24472,24525,24586,24644,24694,24743,24792,24841,24903,24955,25000,25081,25135,25188,25242,25293,25342,25393,25454,25515,25577,25627,25668,25718,25766,25828,25879,25928,25997,26058,26114,26185,26250,26319,26370,26433,26503,26572,26642,26704,26774,26844,26919,29015,29073,29421,29466,29792,29839,29884,30268,30442,30508,30687,30750,30822,30879,30936,30996,31054,31124,34112,34257,34378,34482,34569,34721,34873,36816,36897,36975,37276,37442,37597,38745,56629,56722,56829,57172,57279,57508,57917,58149,58249,58354,58473,59071,59218,59337,59572,59987,60225,65440,65561,65694,67773,69269,72503,74578,76086,77610,80840,81064,126271,127075,128835,129285,139025,139098,139185,139270,150411,150606,150698,150871,151033,151128,151297,151540,151833,152242,152656,153088,153506,153747,154177,154612,155022,155444,155854,156283,156709,157125,157563,160329,160397,160741,160821,161177,161327,161471,161555,161920,162018,162126,162224,162334,162450,162576,162672,163049,163159,163283,163421,163531,163653,163781,163919,164081,164297,164453,165329,165413,165517,165611,165725,165837,165961,166057,166137,166326,166532,166725,174644,175076,175497,175922,176119,177067,177588,177711,178348,178569,179384,179853,180036,180632,181092,181197,182458,182608,183025,183190,183870,184029,184120,184204,184400,184567,184789,184949,185326,185485,185813,186030,186605,186955,187204,187301,188007,188445,188686,188875,189009,189200,189837,190087,190390,190605",
                        "endLines": "11,12,13,14,17,18,19,20,30,32,142,143,144,145,146,147,148,149,150,151,152,153,154,155,156,157,158,159,160,161,162,163,164,169,195,196,197,198,199,200,201,202,203,204,205,228,229,230,231,232,233,234,235,344,345,346,347,348,349,350,351,352,353,354,355,356,357,358,359,360,361,362,363,364,365,366,367,368,369,370,371,372,373,374,375,376,377,378,379,380,381,382,383,384,385,386,387,404,405,406,407,408,409,410,411,412,413,414,415,416,417,418,419,420,421,422,423,424,425,426,427,428,429,430,431,432,433,434,435,436,437,438,439,440,441,442,443,444,445,446,447,448,449,450,451,487,488,495,496,503,504,505,513,516,517,520,521,522,523,524,525,526,527,570,571,572,573,574,575,576,608,609,610,611,612,613,631,904,905,910,911,915,921,925,926,927,928,939,940,941,945,951,955,956,1026,1027,1057,1077,1123,1153,1173,1193,1239,1243,1247,1997,2038,2046,2056,2182,2183,2184,2185,2331,2332,2335,2338,2339,2342,2346,2351,2359,2367,2376,2384,2388,2396,2404,2412,2420,2428,2437,2446,2454,2463,2466,2503,2508,2510,2515,2519,2523,2524,2529,2530,2531,2532,2533,2534,2536,2537,2542,2543,2544,2545,2546,2547,2548,2550,2554,2558,2562,2566,2574,2575,2576,2577,2578,2579,2580,2581,2584,2588,2591,2595,2699,2706,2715,2719,2734,2742,2745,2754,2759,2770,2778,2781,2790,2797,2798,2817,2820,2826,2829,2838,2841,2844,2847,2850,2853,2857,2860,2869,2872,2880,2885,2893,2898,2902,2903,2914,2921,2925,2929,2930,2934,2942,2946,2951,2956,2964",
                        "endColumns": "55,59,60,54,52,57,47,48,44,52,57,59,57,45,59,52,45,49,46,57,57,58,59,61,61,61,61,61,61,60,61,61,52,61,73,62,67,80,63,65,69,69,69,69,66,62,64,65,52,75,65,86,75,53,78,77,72,64,62,65,70,70,61,68,65,66,66,55,50,52,51,53,70,62,58,61,58,72,66,59,62,74,71,70,55,70,56,56,65,63,70,56,52,62,51,57,66,65,65,80,74,55,52,60,57,49,48,48,48,61,51,44,80,53,52,53,50,48,50,60,60,61,49,40,49,47,61,50,48,68,60,55,70,64,68,50,62,69,68,69,61,69,69,74,58,57,61,44,42,46,44,50,47,65,61,62,71,56,56,59,57,69,56,144,120,103,86,151,151,147,80,77,300,165,154,101,10,92,106,10,106,10,10,10,99,104,118,10,146,118,10,10,10,111,120,132,10,10,10,10,10,10,10,10,10,10,10,10,10,72,86,84,98,10,91,10,10,94,10,10,10,10,10,10,10,10,10,10,10,10,10,10,10,10,10,10,10,10,10,10,10,10,83,10,97,107,97,109,115,10,95,10,109,123,137,109,121,127,10,10,10,10,10,83,103,93,113,111,123,95,79,10,10,10,10,10,10,10,10,10,10,10,10,10,10,10,10,10,10,104,10,10,10,10,10,10,10,10,10,10,10,10,10,10,10,10,10,10,10,96,10,10,10,10,133,10,10,10,10,10,10",
                        "endOffsets": "553,613,674,729,882,940,988,1037,1484,1582,6734,6794,6852,6898,6958,7011,7057,7107,7154,7212,7270,7329,7389,7451,7513,7575,7637,7699,7761,7822,7884,7946,7999,8278,10153,10216,10284,10365,10429,10495,10565,10635,10705,10775,10842,12258,12323,12389,12442,12518,12584,12671,12747,20161,20240,20318,20391,20456,20519,20585,20656,20727,20789,20858,20924,20991,21058,21114,21165,21218,21270,21324,21395,21458,21517,21579,21638,21711,21778,21838,21901,21976,22048,22119,22175,22246,22303,22360,22426,22490,22561,22618,22671,22734,22786,22844,22911,24189,24255,24336,24411,24467,24520,24581,24639,24689,24738,24787,24836,24898,24950,24995,25076,25130,25183,25237,25288,25337,25388,25449,25510,25572,25622,25663,25713,25761,25823,25874,25923,25992,26053,26109,26180,26245,26314,26365,26428,26498,26567,26637,26699,26769,26839,26914,26973,29068,29130,29461,29504,29834,29879,29930,30311,30503,30565,30745,30817,30874,30931,30991,31049,31119,31176,34252,34373,34477,34564,34716,34868,35016,36892,36970,37271,37437,37592,37694,39017,56717,56824,57167,57274,57503,57912,58144,58244,58349,58468,59066,59213,59332,59567,59982,60220,60332,65556,65689,67768,69264,72498,74573,76081,77605,80835,81059,81296,127070,128830,129280,129995,139093,139180,139265,139364,150601,150693,150866,151028,151123,151292,151535,151828,152237,152651,153083,153501,153742,154172,154607,155017,155439,155849,156278,156704,157120,157558,157740,160392,160736,160816,161172,161322,161466,161550,161915,162013,162121,162219,162329,162445,162571,162667,163044,163154,163278,163416,163526,163648,163776,163914,164076,164292,164448,164652,165408,165512,165606,165720,165832,165956,166052,166132,166321,166527,166720,166930,175071,175492,175917,176114,177062,177583,177706,178343,178564,179379,179848,180031,180627,181087,181192,182453,182603,183020,183185,183865,184024,184115,184199,184395,184562,184784,184944,185321,185480,185808,186025,186600,186950,187199,187296,188002,188440,188681,188870,189004,189195,189832,190082,190385,190600,191076"
                    }
                },
                {
                    "source": "C:\\Users\\MEENU\\.gradle\\caches\\transforms-1\\files-1.1\\appcompat-v7-28.0.0.aar\\55bcef4b7d03289c5b49ea657cddbe4b\\res\\values\\values.xml",
                    "from": {
                        "startLines": "-1,-1,-1,-1,-1,-1,-1,-1,-1,-1,-1,-1,-1,-1,-1,-1,-1,-1,-1,-1,-1,-1,-1,-1,-1,-1,-1,-1,-1,-1,-1,-1,-1,-1,-1,-1,-1,-1,-1,-1,-1,-1,-1,-1,-1,-1,-1,-1,-1,-1,-1,-1,-1,-1,-1,-1,-1,-1,-1,-1,-1,-1,-1,-1,-1,-1,-1,-1,-1,-1,-1,-1,-1,-1,-1,-1,-1,-1,-1,-1,-1,-1,-1,-1,-1,-1,-1,-1,-1,-1,-1,-1,-1,-1,-1,-1,-1,-1,-1,-1,-1,-1,-1,-1,-1,-1,-1,-1,-1,-1,-1,-1,-1,-1,-1,-1,-1,-1,-1,-1,-1,-1,-1,-1,-1,-1,-1,-1,-1,-1,-1,-1,-1,-1,-1,-1,-1,-1,-1,-1,-1,-1,-1,-1,-1,-1,-1,-1,-1,-1,-1,-1,-1,-1,-1,-1,-1,-1,-1,-1,-1,-1,-1,-1,-1,-1,-1,-1,-1,-1,-1,-1,-1,-1,-1,-1,-1,-1,-1,-1,-1,-1,-1,-1,-1,-1,-1,-1,-1,-1,-1,-1,-1,-1,-1,-1,-1,-1,-1,-1,-1,-1,-1,-1,-1,-1,-1,-1,-1,-1,-1,-1,-1,-1,-1,-1,-1,-1,-1,-1,-1,-1,-1,-1,-1,-1,-1,-1,-1,-1,-1,-1,-1,-1,-1,-1,-1,-1,-1,-1,-1,-1,-1,-1,-1,-1,-1,-1,-1,-1,-1,-1,-1,-1,-1,-1,-1,-1,-1,-1,-1,-1,-1,-1,-1,-1,-1,-1,-1,-1,-1,-1,-1,-1,-1,-1,-1,-1,-1,-1,-1,-1,-1,-1,-1,-1,-1,-1,-1,-1,-1,-1,-1,-1,-1,-1,-1,-1,-1,-1,-1,-1,-1,-1,-1,-1,-1,-1,-1,-1,-1,-1,-1,-1,-1,-1,-1,-1,-1,-1,-1,-1,-1,-1,-1,-1,-1,-1,-1,-1,-1,-1,-1,-1,-1,-1,-1,-1,-1,-1,-1,-1,-1,-1,-1,-1,-1,-1,-1,-1,-1,-1,-1,-1,-1,-1,-1,-1,-1,-1,-1,-1,-1,-1,-1,-1,-1,-1,-1,-1,-1,-1,-1,-1,-1,-1,-1,-1,-1,-1,-1,-1,-1,-1,-1,-1,-1,-1,-1,-1,-1,-1,-1,-1,-1,-1,-1,-1,-1,-1,-1,-1,-1,-1,-1,-1,-1,-1,-1,-1,-1,-1,-1,-1,-1,-1,-1,-1,-1,-1,-1,-1,-1,-1,-1,-1,-1,-1,-1,-1,-1,-1,-1,-1,-1,-1,-1,-1,-1,-1,-1,-1,-1,-1,-1,-1,-1,-1,-1,-1,-1,-1,-1,-1,-1,-1,-1,-1,-1,-1,-1,-1,-1,-1,-1,-1,-1,-1,-1,-1,-1,-1,-1,-1,-1,-1,-1,-1,-1,-1,-1,-1,-1,-1,-1,-1,-1,-1,-1,-1,-1,-1,-1,-1,-1,-1,-1,-1,-1,-1,-1,-1,-1,-1,-1,-1,-1,-1,-1,-1,-1,-1,-1,-1,-1,-1,-1,-1,-1,-1,-1,-1,-1,-1,-1,-1,-1,-1,-1,-1",
                        "startColumns": "-1,-1,-1,-1,-1,-1,-1,-1,-1,-1,-1,-1,-1,-1,-1,-1,-1,-1,-1,-1,-1,-1,-1,-1,-1,-1,-1,-1,-1,-1,-1,-1,-1,-1,-1,-1,-1,-1,-1,-1,-1,-1,-1,-1,-1,-1,-1,-1,-1,-1,-1,-1,-1,-1,-1,-1,-1,-1,-1,-1,-1,-1,-1,-1,-1,-1,-1,-1,-1,-1,-1,-1,-1,-1,-1,-1,-1,-1,-1,-1,-1,-1,-1,-1,-1,-1,-1,-1,-1,-1,-1,-1,-1,-1,-1,-1,-1,-1,-1,-1,-1,-1,-1,-1,-1,-1,-1,-1,-1,-1,-1,-1,-1,-1,-1,-1,-1,-1,-1,-1,-1,-1,-1,-1,-1,-1,-1,-1,-1,-1,-1,-1,-1,-1,-1,-1,-1,-1,-1,-1,-1,-1,-1,-1,-1,-1,-1,-1,-1,-1,-1,-1,-1,-1,-1,-1,-1,-1,-1,-1,-1,-1,-1,-1,-1,-1,-1,-1,-1,-1,-1,-1,-1,-1,-1,-1,-1,-1,-1,-1,-1,-1,-1,-1,-1,-1,-1,-1,-1,-1,-1,-1,-1,-1,-1,-1,-1,-1,-1,-1,-1,-1,-1,-1,-1,-1,-1,-1,-1,-1,-1,-1,-1,-1,-1,-1,-1,-1,-1,-1,-1,-1,-1,-1,-1,-1,-1,-1,-1,-1,-1,-1,-1,-1,-1,-1,-1,-1,-1,-1,-1,-1,-1,-1,-1,-1,-1,-1,-1,-1,-1,-1,-1,-1,-1,-1,-1,-1,-1,-1,-1,-1,-1,-1,-1,-1,-1,-1,-1,-1,-1,-1,-1,-1,-1,-1,-1,-1,-1,-1,-1,-1,-1,-1,-1,-1,-1,-1,-1,-1,-1,-1,-1,-1,-1,-1,-1,-1,-1,-1,-1,-1,-1,-1,-1,-1,-1,-1,-1,-1,-1,-1,-1,-1,-1,-1,-1,-1,-1,-1,-1,-1,-1,-1,-1,-1,-1,-1,-1,-1,-1,-1,-1,-1,-1,-1,-1,-1,-1,-1,-1,-1,-1,-1,-1,-1,-1,-1,-1,-1,-1,-1,-1,-1,-1,-1,-1,-1,-1,-1,-1,-1,-1,-1,-1,-1,-1,-1,-1,-1,-1,-1,-1,-1,-1,-1,-1,-1,-1,-1,-1,-1,-1,-1,-1,-1,-1,-1,-1,-1,-1,-1,-1,-1,-1,-1,-1,-1,-1,-1,-1,-1,-1,-1,-1,-1,-1,-1,-1,-1,-1,-1,-1,-1,-1,-1,-1,-1,-1,-1,-1,-1,-1,-1,-1,-1,-1,-1,-1,-1,-1,-1,-1,-1,-1,-1,-1,-1,-1,-1,-1,-1,-1,-1,-1,-1,-1,-1,-1,-1,-1,-1,-1,-1,-1,-1,-1,-1,-1,-1,-1,-1,-1,-1,-1,-1,-1,-1,-1,-1,-1,-1,-1,-1,-1,-1,-1,-1,-1,-1,-1,-1,-1,-1,-1,-1,-1,-1,-1,-1,-1,-1,-1,-1,-1,-1,-1,-1,-1,-1,-1,-1,-1,-1,-1,-1,-1,-1,-1,-1,-1,-1,-1,-1,-1,-1,-1,-1,-1,-1,-1,-1,-1,-1,-1,-1,-1,-1,-1,-1",
                        "startOffsets": "-1,-1,-1,-1,-1,-1,-1,-1,-1,-1,-1,-1,-1,-1,-1,-1,-1,-1,-1,-1,-1,-1,-1,-1,-1,-1,-1,-1,-1,-1,-1,-1,-1,-1,-1,-1,-1,-1,-1,-1,-1,-1,-1,-1,-1,-1,-1,-1,-1,-1,-1,-1,-1,-1,-1,-1,-1,-1,-1,-1,-1,-1,-1,-1,-1,-1,-1,-1,-1,-1,-1,-1,-1,-1,-1,-1,-1,-1,-1,-1,-1,-1,-1,-1,-1,-1,-1,-1,-1,-1,-1,-1,-1,-1,-1,-1,-1,-1,-1,-1,-1,-1,-1,-1,-1,-1,-1,-1,-1,-1,-1,-1,-1,-1,-1,-1,-1,-1,-1,-1,-1,-1,-1,-1,-1,-1,-1,-1,-1,-1,-1,-1,-1,-1,-1,-1,-1,-1,-1,-1,-1,-1,-1,-1,-1,-1,-1,-1,-1,-1,-1,-1,-1,-1,-1,-1,-1,-1,-1,-1,-1,-1,-1,-1,-1,-1,-1,-1,-1,-1,-1,-1,-1,-1,-1,-1,-1,-1,-1,-1,-1,-1,-1,-1,-1,-1,-1,-1,-1,-1,-1,-1,-1,-1,-1,-1,-1,-1,-1,-1,-1,-1,-1,-1,-1,-1,-1,-1,-1,-1,-1,-1,-1,-1,-1,-1,-1,-1,-1,-1,-1,-1,-1,-1,-1,-1,-1,-1,-1,-1,-1,-1,-1,-1,-1,-1,-1,-1,-1,-1,-1,-1,-1,-1,-1,-1,-1,-1,-1,-1,-1,-1,-1,-1,-1,-1,-1,-1,-1,-1,-1,-1,-1,-1,-1,-1,-1,-1,-1,-1,-1,-1,-1,-1,-1,-1,-1,-1,-1,-1,-1,-1,-1,-1,-1,-1,-1,-1,-1,-1,-1,-1,-1,-1,-1,-1,-1,-1,-1,-1,-1,-1,-1,-1,-1,-1,-1,-1,-1,-1,-1,-1,-1,-1,-1,-1,-1,-1,-1,-1,-1,-1,-1,-1,-1,-1,-1,-1,-1,-1,-1,-1,-1,-1,-1,-1,-1,-1,-1,-1,-1,-1,-1,-1,-1,-1,-1,-1,-1,-1,-1,-1,-1,-1,-1,-1,-1,-1,-1,-1,-1,-1,-1,-1,-1,-1,-1,-1,-1,-1,-1,-1,-1,-1,-1,-1,-1,-1,-1,-1,-1,-1,-1,-1,-1,-1,-1,-1,-1,-1,-1,-1,-1,-1,-1,-1,-1,-1,-1,-1,-1,-1,-1,-1,-1,-1,-1,-1,-1,-1,-1,-1,-1,-1,-1,-1,-1,-1,-1,-1,-1,-1,-1,-1,-1,-1,-1,-1,-1,-1,-1,-1,-1,-1,-1,-1,-1,-1,-1,-1,-1,-1,-1,-1,-1,-1,-1,-1,-1,-1,-1,-1,-1,-1,-1,-1,-1,-1,-1,-1,-1,-1,-1,-1,-1,-1,-1,-1,-1,-1,-1,-1,-1,-1,-1,-1,-1,-1,-1,-1,-1,-1,-1,-1,-1,-1,-1,-1,-1,-1,-1,-1,-1,-1,-1,-1,-1,-1,-1,-1,-1,-1,-1,-1,-1,-1,-1,-1,-1,-1,-1,-1,-1,-1,-1,-1,-1,-1,-1,-1,-1,-1,-1,-1,-1,-1,-1,-1,-1,-1"
                    },
                    "to": {
                        "startLines": "25,31,33,165,166,167,168,170,171,172,173,174,175,176,177,178,179,180,181,182,183,184,185,186,187,206,207,208,209,210,211,212,213,214,215,216,217,218,219,220,221,222,223,224,225,226,227,238,239,240,241,242,243,244,245,246,247,248,249,250,251,252,253,254,255,256,257,258,259,260,261,262,263,264,265,266,267,268,269,270,271,272,273,274,275,276,277,278,279,280,281,282,283,284,285,286,287,288,289,290,291,292,293,294,295,296,297,298,299,300,301,302,303,304,305,306,307,308,309,310,311,312,313,314,315,316,317,318,319,320,321,322,323,324,325,326,327,328,329,330,331,332,388,389,394,395,396,397,398,399,400,468,469,470,471,472,473,474,475,478,479,480,481,483,490,491,497,512,514,515,518,519,529,530,531,532,533,534,535,536,537,538,539,540,541,542,543,544,545,546,547,548,549,550,551,552,553,554,555,556,557,558,559,560,561,562,563,564,565,566,567,614,623,624,625,626,627,644,652,653,657,661,672,677,683,690,694,698,703,707,711,715,719,723,727,733,737,743,747,753,757,762,766,769,773,779,783,789,793,799,802,806,810,814,818,822,823,824,825,828,831,834,837,841,842,843,844,845,848,850,852,854,859,860,864,870,874,875,877,888,889,893,899,903,957,958,962,989,993,994,998,1248,1415,1441,1609,1635,1666,1674,1680,1694,1716,1721,1726,1736,1745,1754,1758,1765,1773,1780,1781,1790,1793,1796,1800,1804,1808,1811,1812,1816,1820,1830,1835,1842,1848,1849,1852,1856,1861,1863,1865,1868,1871,1873,1877,1880,1887,1890,1893,1897,1899,1903,1905,1907,1909,1913,1921,1929,1941,1947,1956,1959,1970,1973,1978,1979,2065,2123,2186,2187,2197,2206,2207,2209,2213,2216,2219,2222,2225,2228,2231,2234,2238,2241,2244,2247,2251,2254,2258,2262,2263,2264,2265,2266,2267,2268,2269,2270,2271,2272,2273,2274,2275,2276,2277,2278,2279,2280,2281,2282,2284,2286,2287,2288,2289,2290,2291,2292,2293,2295,2296,2298,2299,2301,2303,2304,2306,2307,2308,2309,2310,2311,2313,2314,2315,2316,2317,2467,2469,2471,2473,2474,2475,2476,2477,2478,2479,2480,2481,2482,2483,2484,2485,2487,2488,2489,2490,2491,2492,2494,2498,2567,2568,2569,2570,2571,2572,2573,2596,2598,2600,2602,2604,2606,2607,2608,2609,2611,2613,2615,2616,2617,2618,2619,2620,2621,2622,2623,2624,2625,2626,2629,2630,2631,2632,2634,2636,2637,2639,2640,2642,2644,2646,2647,2648,2649,2650,2651,2652,2653,2654,2655,2656,2657,2659,2660,2661,2662,2664,2665,2666,2667,2668,2670,2672,2674,2676,2677,2678,2679,2680,2681,2682,2683,2684,2685,2686,2687,2688,2689",
                        "startColumns": "4,4,4,4,4,4,4,4,4,4,4,4,4,4,4,4,4,4,4,4,4,4,4,4,4,4,4,4,4,4,4,4,4,4,4,4,4,4,4,4,4,4,4,4,4,4,4,4,4,4,4,4,4,4,4,4,4,4,4,4,4,4,4,4,4,4,4,4,4,4,4,4,4,4,4,4,4,4,4,4,4,4,4,4,4,4,4,4,4,4,4,4,4,4,4,4,4,4,4,4,4,4,4,4,4,4,4,4,4,4,4,4,4,4,4,4,4,4,4,4,4,4,4,4,4,4,4,4,4,4,4,4,4,4,4,4,4,4,4,4,4,4,4,4,4,4,4,4,4,4,4,4,4,4,4,4,4,4,4,4,4,4,4,4,4,4,4,4,4,4,4,4,4,4,4,4,4,4,4,4,4,4,4,4,4,4,4,4,4,4,4,4,4,4,4,4,4,4,4,4,4,4,4,4,4,4,4,4,4,4,4,4,4,4,4,4,4,4,4,4,4,4,4,4,4,4,4,4,4,4,4,4,4,4,4,4,4,4,4,4,4,4,4,4,4,4,4,4,4,4,4,4,4,4,4,4,4,4,4,4,4,4,4,4,4,4,4,4,4,4,4,4,4,4,4,4,4,4,4,4,4,4,4,4,4,4,4,4,4,4,4,4,4,4,4,4,4,4,4,4,4,4,4,4,4,4,4,4,4,4,4,4,4,4,4,4,4,4,4,4,4,4,4,4,4,4,4,4,4,4,4,4,4,4,4,4,4,4,4,4,4,4,4,4,4,4,4,4,4,4,4,4,4,4,4,4,4,4,4,4,4,4,4,4,4,4,4,4,4,4,4,4,4,4,4,4,4,4,4,4,4,4,4,4,4,4,4,4,4,4,4,4,4,4,4,4,4,4,4,4,4,4,4,4,4,4,4,4,4,4,4,4,4,4,4,4,4,4,4,4,4,4,4,4,4,4,4,4,4,4,4,4,4,4,4,4,4,4,4,4,4,4,4,4,4,4,4,4,4,4,4,4,4,4,4,4,4,4,4,4,4,4,4,4,4,4,4,4,4,4,4,4,4,4,4,4,4,4,4,4,4,4,4,4,4,4,4,4,4,4,4,4,4,4,4,4,4,4,4,4,4,4,4,4,4,4,4,4,4,4,4,4,4,4,4,4,4,4,4,4,4,4,4,4,4,4,4,4,4,4",
                        "startOffsets": "1262,1489,1587,8004,8045,8100,8159,8283,8364,8425,8500,8576,8653,8731,8816,8898,8974,9050,9127,9205,9311,9417,9496,9576,9633,10847,10921,10996,11061,11127,11187,11248,11320,11393,11460,11528,11587,11646,11705,11764,11823,11877,11931,11984,12038,12092,12146,12884,12958,13037,13110,13184,13255,13327,13399,13472,13529,13587,13660,13734,13808,13883,13955,14028,14098,14169,14229,14290,14359,14428,14498,14572,14648,14712,14789,14865,14942,15007,15076,15153,15228,15297,15365,15442,15508,15569,15666,15731,15800,15899,15970,16029,16087,16144,16203,16267,16338,16410,16482,16554,16626,16693,16761,16829,16888,16951,17015,17105,17196,17256,17322,17389,17455,17525,17589,17642,17755,17813,17876,17941,18006,18081,18154,18226,18275,18336,18397,18458,18520,18584,18648,18712,18777,18840,18900,18961,19027,19086,19146,19208,19279,19339,22916,23002,23294,23384,23471,23559,23641,23724,23814,27999,28051,28109,28154,28220,28284,28341,28398,28600,28657,28705,28754,28845,29178,29225,29509,30236,30316,30380,30570,30630,31251,31325,31395,31473,31527,31597,31682,31730,31776,31847,31925,32003,32075,32149,32223,32297,32377,32450,32519,32591,32668,32729,32792,32858,32922,32993,33056,33121,33185,33246,33307,33359,33432,33506,33575,33650,33724,33798,33939,37699,38303,38381,38471,38559,38655,39626,40208,40297,40544,40825,41491,41776,42169,42646,42868,43090,43366,43593,43823,44053,44283,44513,44740,45159,45385,45810,46040,46468,46687,46970,47178,47309,47536,47962,48187,48614,48835,49260,49380,49656,49957,50281,50572,50886,51023,51154,51259,51501,51668,51872,52080,52351,52463,52575,52680,52797,53011,53157,53297,53383,53731,53819,54065,54483,54732,54814,54912,55504,55604,55856,56280,56535,60337,60426,60663,62687,62929,63031,63284,81301,91430,92946,103174,104702,106459,107085,107505,108566,109831,110087,110323,110870,111364,111969,112167,112747,113311,113686,113804,114342,114499,114695,114968,115224,115394,115535,115599,115881,116167,116843,117107,117445,117798,117892,118078,118384,118646,118771,118898,119137,119348,119467,119660,119837,120292,120473,120595,120854,120967,121154,121256,121363,121492,121767,122275,122771,123648,123942,124512,124661,125393,125565,125901,125993,130318,134600,139369,139431,140009,140593,140684,140797,141026,141186,141338,141509,141675,141844,142011,142174,142417,142587,142760,142931,143205,143404,143609,143939,144023,144119,144215,144313,144413,144515,144617,144719,144821,144923,145023,145119,145231,145360,145483,145614,145745,145843,145957,146051,146191,146325,146421,146533,146633,146749,146845,146957,147057,147197,147333,147497,147627,147785,147935,148076,148220,148355,148467,148617,148745,148873,149009,149141,149271,149401,149513,157745,157891,158035,158173,158239,158329,158405,158509,158599,158701,158809,158917,159017,159097,159189,159287,159397,159475,159581,159673,159777,159887,160009,160172,164657,164737,164837,164927,165037,165131,165237,166935,167035,167147,167261,167377,167493,167587,167701,167813,167915,168035,168157,168239,168343,168463,168589,168687,168781,168869,168981,169097,169219,169331,169506,169622,169708,169800,169912,170036,170103,170229,170297,170425,170569,170697,170766,170861,170976,171089,171188,171297,171408,171519,171620,171725,171825,171955,172046,172169,172263,172375,172461,172565,172661,172749,172867,172971,173075,173201,173289,173397,173497,173587,173697,173781,173883,173967,174021,174085,174191,174301,174385",
                        "endLines": "25,31,33,165,166,167,168,170,171,172,173,174,175,176,177,178,179,180,181,182,183,184,185,186,187,206,207,208,209,210,211,212,213,214,215,216,217,218,219,220,221,222,223,224,225,226,227,238,239,240,241,242,243,244,245,246,247,248,249,250,251,252,253,254,255,256,257,258,259,260,261,262,263,264,265,266,267,268,269,270,271,272,273,274,275,276,277,278,279,280,281,282,283,284,285,286,287,288,289,290,291,292,293,294,295,296,297,298,299,300,301,302,303,304,305,306,307,308,309,310,311,312,313,314,315,316,317,318,319,320,321,322,323,324,325,326,327,328,329,330,331,332,388,389,394,395,396,397,398,399,400,468,469,470,471,472,473,474,475,478,479,480,481,483,490,491,497,512,514,515,518,519,529,530,531,532,533,534,535,536,537,538,539,540,541,542,543,544,545,546,547,548,549,550,551,552,553,554,555,556,557,558,559,560,561,562,563,564,565,566,567,614,623,624,625,626,627,651,652,656,660,664,676,682,689,693,697,702,706,710,714,718,722,726,732,736,742,746,752,756,761,765,768,772,778,782,788,792,798,801,805,809,813,817,821,822,823,824,827,830,833,836,840,841,842,843,844,847,849,851,853,858,859,863,869,873,874,876,887,888,892,898,902,903,957,961,988,992,993,997,1025,1414,1440,1608,1634,1665,1673,1679,1693,1715,1720,1725,1735,1744,1753,1757,1764,1772,1779,1780,1789,1792,1795,1799,1803,1807,1810,1811,1815,1819,1829,1834,1841,1847,1848,1851,1855,1860,1862,1864,1867,1870,1872,1876,1879,1886,1889,1892,1896,1898,1902,1904,1906,1908,1912,1920,1928,1940,1946,1955,1958,1969,1972,1977,1978,1983,2122,2181,2186,2196,2205,2206,2208,2212,2215,2218,2221,2224,2227,2230,2233,2237,2240,2243,2246,2250,2253,2257,2261,2262,2263,2264,2265,2266,2267,2268,2269,2270,2271,2272,2273,2274,2275,2276,2277,2278,2279,2280,2281,2283,2285,2286,2287,2288,2289,2290,2291,2292,2294,2295,2297,2298,2300,2302,2303,2305,2306,2307,2308,2309,2310,2312,2313,2314,2315,2316,2317,2468,2470,2472,2473,2474,2475,2476,2477,2478,2479,2480,2481,2482,2483,2484,2486,2487,2488,2489,2490,2491,2493,2497,2501,2567,2568,2569,2570,2571,2572,2573,2597,2599,2601,2603,2605,2606,2607,2608,2610,2612,2614,2615,2616,2617,2618,2619,2620,2621,2622,2623,2624,2625,2628,2629,2630,2631,2633,2635,2636,2638,2639,2641,2643,2645,2646,2647,2648,2649,2650,2651,2652,2653,2654,2655,2656,2658,2659,2660,2661,2663,2664,2665,2666,2667,2669,2671,2673,2675,2676,2677,2678,2679,2680,2681,2682,2683,2684,2685,2686,2687,2688,2689",
                        "endColumns": "54,44,48,40,54,58,61,80,60,74,75,76,77,84,81,75,75,76,77,105,105,78,79,56,57,73,74,64,65,59,60,71,72,66,67,58,58,58,58,58,53,53,52,53,53,53,53,73,78,72,73,70,71,71,72,56,57,72,73,73,74,71,72,69,70,59,60,68,68,69,73,75,63,76,75,76,64,68,76,74,68,67,76,65,60,96,64,68,98,70,58,57,56,58,63,70,71,71,71,71,66,67,67,58,62,63,89,90,59,65,66,65,69,63,52,112,57,62,64,64,74,72,71,48,60,60,60,61,63,63,63,64,62,59,60,65,58,59,61,70,59,67,85,86,89,86,87,81,82,89,90,51,57,44,65,63,56,56,53,56,47,48,50,33,46,48,45,31,63,61,59,56,73,69,77,53,69,84,47,45,70,77,77,71,73,73,73,79,72,68,71,76,60,62,65,63,70,62,64,63,60,60,51,72,73,68,74,73,73,140,69,52,77,89,87,95,89,12,88,12,12,12,12,12,12,12,12,12,12,12,12,12,12,12,12,12,12,12,12,12,12,12,12,12,12,12,12,12,12,12,12,12,12,12,12,136,130,104,12,12,12,12,12,111,111,104,116,12,12,12,12,12,87,12,12,12,81,12,12,99,12,12,12,93,88,12,12,12,101,12,12,12,12,12,12,12,12,12,12,12,12,12,12,12,12,12,12,12,12,117,12,12,12,12,12,12,12,63,12,12,12,12,12,12,93,12,12,12,12,12,12,12,12,12,12,12,12,12,12,12,12,12,12,12,12,12,12,12,12,12,12,12,12,12,91,12,12,12,61,12,12,90,12,12,12,12,12,12,12,12,12,12,12,12,12,12,12,12,12,83,95,95,97,99,101,101,101,101,101,99,95,111,128,122,130,130,97,113,93,12,12,95,111,99,115,95,111,99,12,135,12,129,12,12,140,12,134,111,149,127,127,12,131,129,129,111,139,12,12,12,65,89,75,103,89,101,107,107,99,79,91,97,12,77,105,91,103,109,12,12,12,79,99,89,109,93,105,91,12,12,12,12,12,93,113,111,12,12,12,81,103,119,125,97,93,87,111,115,121,111,12,115,85,91,12,12,66,12,67,12,12,12,68,94,114,112,98,108,110,110,100,104,99,12,90,122,93,12,85,103,95,87,12,12,12,12,87,107,99,89,109,83,101,83,53,63,105,109,83,119",
                        "endOffsets": "1312,1529,1631,8040,8095,8154,8216,8359,8420,8495,8571,8648,8726,8811,8893,8969,9045,9122,9200,9306,9412,9491,9571,9628,9686,10916,10991,11056,11122,11182,11243,11315,11388,11455,11523,11582,11641,11700,11759,11818,11872,11926,11979,12033,12087,12141,12195,12953,13032,13105,13179,13250,13322,13394,13467,13524,13582,13655,13729,13803,13878,13950,14023,14093,14164,14224,14285,14354,14423,14493,14567,14643,14707,14784,14860,14937,15002,15071,15148,15223,15292,15360,15437,15503,15564,15661,15726,15795,15894,15965,16024,16082,16139,16198,16262,16333,16405,16477,16549,16621,16688,16756,16824,16883,16946,17010,17100,17191,17251,17317,17384,17450,17520,17584,17637,17750,17808,17871,17936,18001,18076,18149,18221,18270,18331,18392,18453,18515,18579,18643,18707,18772,18835,18895,18956,19022,19081,19141,19203,19274,19334,19402,22997,23084,23379,23466,23554,23636,23719,23809,23900,28046,28104,28149,28215,28279,28336,28393,28447,28652,28700,28749,28800,28874,29220,29269,29550,30263,30375,30437,30625,30682,31320,31390,31468,31522,31592,31677,31725,31771,31842,31920,31998,32070,32144,32218,32292,32372,32445,32514,32586,32663,32724,32787,32853,32917,32988,33051,33116,33180,33241,33302,33354,33427,33501,33570,33645,33719,33793,33934,34004,37747,38376,38466,38554,38650,38740,40203,40292,40539,40820,41072,41771,42164,42641,42863,43085,43361,43588,43818,44048,44278,44508,44735,45154,45380,45805,46035,46463,46682,46965,47173,47304,47531,47957,48182,48609,48830,49255,49375,49651,49952,50276,50567,50881,51018,51149,51254,51496,51663,51867,52075,52346,52458,52570,52675,52792,53006,53152,53292,53378,53726,53814,54060,54478,54727,54809,54907,55499,55599,55851,56275,56530,56624,60421,60658,62682,62924,63026,63279,65435,91425,92941,103169,104697,106454,107080,107500,108561,109826,110082,110318,110865,111359,111964,112162,112742,113306,113681,113799,114337,114494,114690,114963,115219,115389,115530,115594,115876,116162,116838,117102,117440,117793,117887,118073,118379,118641,118766,118893,119132,119343,119462,119655,119832,120287,120468,120590,120849,120962,121149,121251,121358,121487,121762,122270,122766,123643,123937,124507,124656,125388,125560,125896,125988,126266,134595,139020,139426,140004,140588,140679,140792,141021,141181,141333,141504,141670,141839,142006,142169,142412,142582,142755,142926,143200,143399,143604,143934,144018,144114,144210,144308,144408,144510,144612,144714,144816,144918,145018,145114,145226,145355,145478,145609,145740,145838,145952,146046,146186,146320,146416,146528,146628,146744,146840,146952,147052,147192,147328,147492,147622,147780,147930,148071,148215,148350,148462,148612,148740,148868,149004,149136,149266,149396,149508,149648,157886,158030,158168,158234,158324,158400,158504,158594,158696,158804,158912,159012,159092,159184,159282,159392,159470,159576,159668,159772,159882,160004,160167,160324,164732,164832,164922,165032,165126,165232,165324,167030,167142,167256,167372,167488,167582,167696,167808,167910,168030,168152,168234,168338,168458,168584,168682,168776,168864,168976,169092,169214,169326,169501,169617,169703,169795,169907,170031,170098,170224,170292,170420,170564,170692,170761,170856,170971,171084,171183,171292,171403,171514,171615,171720,171820,171950,172041,172164,172258,172370,172456,172560,172656,172744,172862,172966,173070,173196,173284,173392,173492,173582,173692,173776,173878,173962,174016,174080,174186,174296,174380,174500"
                    }
                },
                {
                    "source": "C:\\Users\\MEENU\\AndroidStudioProjects\\KochiMyMetro\\app\\src\\main\\res\\values\\styles.xml",
                    "from": {
                        "startLines": "-1,-1,-1,-1",
                        "startColumns": "-1,-1,-1,-1",
                        "startOffsets": "-1,-1,-1,-1"
                    },
                    "to": {
                        "startLines": "632,638,639,643",
                        "startColumns": "4,4,4,4",
                        "startOffsets": "39022,39306,39396,39546",
                        "endLines": "637,638,642,643",
                        "endColumns": "12,89,12,79",
                        "endOffsets": "39301,39391,39541,39621"
                    }
                }
            ]
        }
    ]
}