{
    "logs": [
        {
            "outputFile": "C:\\Users\\MEENU\\AndroidStudioProjects\\KochiMyMetro\\app\\build\\intermediates\\incremental\\mergeDebugResources\\merged.dir\\values-tl\\values-tl.xml",
            "map": [
                {
                    "source": "C:\\Users\\MEENU\\.gradle\\caches\\transforms-1\\files-1.1\\support-compat-28.0.0.aar\\97d208ecd0b50defcc09a811e43fb4f5\\res\\values-tl\\values-tl.xml",
                    "from": {
                        "startLines": "2",
                        "startColumns": "4",
                        "startOffsets": "55",
                        "endColumns": "100",
                        "endOffsets": "151"
                    },
                    "to": {
                        "startLines": "30",
                        "startColumns": "4",
                        "startOffsets": "2949",
                        "endColumns": "100",
                        "endOffsets": "3045"
                    }
                },
                {
                    "source": "C:\\Users\\MEENU\\.gradle\\caches\\transforms-1\\files-1.1\\appcompat-v7-28.0.0.aar\\55bcef4b7d03289c5b49ea657cddbe4b\\res\\values-tl\\values-tl.xml",
                    "from": {
                        "startLines": "2,3,4,5,6,7,8,9,10,11,12,13,14,15,16,17,18,19,20,21,22,23,24,25,26,27,28,29",
                        "startColumns": "4,4,4,4,4,4,4,4,4,4,4,4,4,4,4,4,4,4,4,4,4,4,4,4,4,4,4,4",
                        "startOffsets": "105,224,332,449,537,643,764,843,921,1012,1105,1201,1295,1396,1489,1584,1678,1769,1860,1944,2053,2164,2265,2375,2492,2600,2763,2865",
                        "endColumns": "118,107,116,87,105,120,78,77,90,92,95,93,100,92,94,93,90,90,83,108,110,100,109,116,107,162,101,83",
                        "endOffsets": "219,327,444,532,638,759,838,916,1007,1100,1196,1290,1391,1484,1579,1673,1764,1855,1939,2048,2159,2260,2370,2487,2595,2758,2860,2944"
                    }
                }
            ]
        }
    ]
}