{
    "logs": [
        {
            "outputFile": "C:\\Users\\MEENU\\AndroidStudioProjects\\KochiMyMetro\\app\\build\\intermediates\\incremental\\mergeDebugResources\\merged.dir\\values-v24\\values-v24.xml",
            "map": [
                {
                    "source": "C:\\Users\\MEENU\\.gradle\\caches\\transforms-1\\files-1.1\\appcompat-v7-28.0.0.aar\\55bcef4b7d03289c5b49ea657cddbe4b\\res\\values-v24\\values-v24.xml",
                    "from": {
                        "startLines": "2,3",
                        "startColumns": "4,4",
                        "startOffsets": "55,212",
                        "endColumns": "156,134",
                        "endOffsets": "207,342"
                    }
                }
            ]
        }
    ]
}